src_image_path,task,model_path_1,model_path_2,model_path_3,model_1,model_2,model_3
https://storage.googleapis.com/image-transcreation/part2/education/k5-sort_data-5.png,"Find the number of items that are fruits, five-letter words and both",https://storage.googleapis.com/image-transcreation/outputs/part2/e2e-instruct/nigeria/education_k5-sort_data-5.png,https://storage.googleapis.com/image-transcreation/outputs/part2/cap-retrieve/nigeria/education_k5-sort_data-5.png,https://storage.googleapis.com/image-transcreation/outputs/part2/cap-edit/nigeria/education_k5-sort_data-5.png,e2e-instruct,cap-retrieve,cap-edit
https://storage.googleapis.com/image-transcreation/part2/education/k5-analyse-9.png,"Cound the number of pizzas sold on each weekday",https://storage.googleapis.com/image-transcreation/outputs/part2/cap-retrieve/nigeria/education_k5-analyse-9.png,https://storage.googleapis.com/image-transcreation/outputs/part2/cap-edit/nigeria/education_k5-analyse-9.png,https://storage.googleapis.com/image-transcreation/outputs/part2/e2e-instruct/nigeria/education_k5-analyse-9.png,cap-retrieve,cap-edit,e2e-instruct
https://storage.googleapis.com/image-transcreation/part2/education/k5-sort-1.png,"Cut out the pictures and paste them into the room you think they belong",https://storage.googleapis.com/image-transcreation/outputs/part2/e2e-instruct/nigeria/education_k5-sort-1.png,https://storage.googleapis.com/image-transcreation/outputs/part2/cap-edit/nigeria/education_k5-sort-1.png,https://storage.googleapis.com/image-transcreation/outputs/part2/cap-retrieve/nigeria/education_k5-sort-1.png,e2e-instruct,cap-edit,cap-retrieve
https://storage.googleapis.com/image-transcreation/part2/education/k5-belong-6.png,"Circle the picture that is different",https://storage.googleapis.com/image-transcreation/outputs/part2/e2e-instruct/nigeria/education_k5-belong-6.png,https://storage.googleapis.com/image-transcreation/outputs/part2/cap-retrieve/nigeria/education_k5-belong-6.png,https://storage.googleapis.com/image-transcreation/outputs/part2/cap-edit/nigeria/education_k5-belong-6.png,e2e-instruct,cap-retrieve,cap-edit
https://storage.googleapis.com/image-transcreation/part2/education/k5-belong-1.png,"Circle the picture that doesn't belong",https://storage.googleapis.com/image-transcreation/outputs/part2/e2e-instruct/nigeria/education_k5-belong-1.png,https://storage.googleapis.com/image-transcreation/outputs/part2/cap-retrieve/nigeria/education_k5-belong-1.png,https://storage.googleapis.com/image-transcreation/outputs/part2/cap-edit/nigeria/education_k5-belong-1.png,e2e-instruct,cap-retrieve,cap-edit
https://storage.googleapis.com/image-transcreation/part2/education/k5-analyse-7.png,"Count the number of muffins each kid gets",https://storage.googleapis.com/image-transcreation/outputs/part2/cap-edit/nigeria/education_k5-analyse-7.png,https://storage.googleapis.com/image-transcreation/outputs/part2/e2e-instruct/nigeria/education_k5-analyse-7.png,https://storage.googleapis.com/image-transcreation/outputs/part2/cap-retrieve/nigeria/education_k5-analyse-7.png,cap-edit,e2e-instruct,cap-retrieve
https://storage.googleapis.com/image-transcreation/part2/education/k5-sort_count-6.png,"How many of each fruits are there ?",https://storage.googleapis.com/image-transcreation/outputs/part2/cap-edit/nigeria/education_k5-sort_count-6.png,https://storage.googleapis.com/image-transcreation/outputs/part2/e2e-instruct/nigeria/education_k5-sort_count-6.png,https://storage.googleapis.com/image-transcreation/outputs/part2/cap-retrieve/nigeria/education_k5-sort_count-6.png,cap-edit,e2e-instruct,cap-retrieve
https://storage.googleapis.com/image-transcreation/part2/education/k5-count-7.png,"Count the number of blue, violet, red and yellow christmas balls",https://storage.googleapis.com/image-transcreation/outputs/part2/cap-retrieve/nigeria/education_k5-count-7.png,https://storage.googleapis.com/image-transcreation/outputs/part2/e2e-instruct/nigeria/education_k5-count-7.png,https://storage.googleapis.com/image-transcreation/outputs/part2/cap-edit/nigeria/education_k5-count-7.png,cap-retrieve,e2e-instruct,cap-edit
https://storage.googleapis.com/image-transcreation/part2/education/k5-sort_count-1.png,"Draw a line from each gummy bear to the correct box and how many of each color are there?",https://storage.googleapis.com/image-transcreation/outputs/part2/cap-retrieve/nigeria/education_k5-sort_count-1.png,https://storage.googleapis.com/image-transcreation/outputs/part2/cap-edit/nigeria/education_k5-sort_count-1.png,https://storage.googleapis.com/image-transcreation/outputs/part2/e2e-instruct/nigeria/education_k5-sort_count-1.png,cap-retrieve,cap-edit,e2e-instruct
https://storage.googleapis.com/image-transcreation/part2/education/k5-count-9.png,"Add the coins.",https://storage.googleapis.com/image-transcreation/outputs/part2/cap-edit/nigeria/education_k5-count-9.png,https://storage.googleapis.com/image-transcreation/outputs/part2/e2e-instruct/nigeria/education_k5-count-9.png,https://storage.googleapis.com/image-transcreation/outputs/part2/cap-retrieve/nigeria/education_k5-count-9.png,cap-edit,e2e-instruct,cap-retrieve
https://storage.googleapis.com/image-transcreation/part2/education/k5-analyse-6.png,"Count the number of objects that are round or green and both",https://storage.googleapis.com/image-transcreation/outputs/part2/cap-retrieve/nigeria/education_k5-analyse-6.png,https://storage.googleapis.com/image-transcreation/outputs/part2/e2e-instruct/nigeria/education_k5-analyse-6.png,https://storage.googleapis.com/image-transcreation/outputs/part2/cap-edit/nigeria/education_k5-analyse-6.png,cap-retrieve,e2e-instruct,cap-edit
https://storage.googleapis.com/image-transcreation/part2/education/k5-analyse-1.png,"Count the number of votes received by Guitar, Drums, Piano and Flute",https://storage.googleapis.com/image-transcreation/outputs/part2/cap-edit/nigeria/education_k5-analyse-11.png,https://storage.googleapis.com/image-transcreation/outputs/part2/e2e-instruct/nigeria/education_k5-analyse-1.png,https://storage.googleapis.com/image-transcreation/outputs/part2/cap-retrieve/nigeria/education_k5-analyse-1.png,cap-edit,e2e-instruct,cap-retrieve
https://storage.googleapis.com/image-transcreation/part2/education/k5-analyse-8.png,"Find the number of cherries",https://storage.googleapis.com/image-transcreation/outputs/part2/e2e-instruct/nigeria/education_k5-analyse-8.png,https://storage.googleapis.com/image-transcreation/outputs/part2/cap-edit/nigeria/education_k5-analyse-8.png,https://storage.googleapis.com/image-transcreation/outputs/part2/cap-retrieve/nigeria/education_k5-analyse-8.png,e2e-instruct,cap-edit,cap-retrieve
https://storage.googleapis.com/image-transcreation/part2/education/k5-sort_data-4.png,"Circle the shape which best matches the real life object in the picture.",https://storage.googleapis.com/image-transcreation/outputs/part2/cap-retrieve/nigeria/education_k5-sort_data-4.png,https://storage.googleapis.com/image-transcreation/outputs/part2/e2e-instruct/nigeria/education_k5-sort_data-4.png,https://storage.googleapis.com/image-transcreation/outputs/part2/cap-edit/nigeria/education_k5-sort_data-4.png,cap-retrieve,e2e-instruct,cap-edit
https://storage.googleapis.com/image-transcreation/part2/education/k5-count-12.png,"Count the balls and circle the answers",https://storage.googleapis.com/image-transcreation/outputs/part2/e2e-instruct/nigeria/education_k5-count-12.png,https://storage.googleapis.com/image-transcreation/outputs/part2/cap-retrieve/nigeria/education_k5-count-12.png,https://storage.googleapis.com/image-transcreation/outputs/part2/cap-edit/nigeria/education_k5-count-12.png,e2e-instruct,cap-retrieve,cap-edit
https://storage.googleapis.com/image-transcreation/part2/education/k5-count-8.png,"The line plot shows the number of candies in the shop. Write the number of each candy.",https://storage.googleapis.com/image-transcreation/outputs/part2/cap-retrieve/nigeria/education_k5-count-8.png,https://storage.googleapis.com/image-transcreation/outputs/part2/e2e-instruct/nigeria/education_k5-count-8.png,https://storage.googleapis.com/image-transcreation/outputs/part2/cap-edit/nigeria/education_k5-count-8.png,cap-retrieve,e2e-instruct,cap-edit
https://storage.googleapis.com/image-transcreation/part2/education/k5-count-1.png,"Count the balloons and write the number",https://storage.googleapis.com/image-transcreation/outputs/part2/e2e-instruct/nigeria/education_k5-count-1.png,https://storage.googleapis.com/image-transcreation/outputs/part2/cap-edit/nigeria/education_k5-count-11.png,https://storage.googleapis.com/image-transcreation/outputs/part2/cap-retrieve/nigeria/education_k5-count-1.png,e2e-instruct,cap-edit,cap-retrieve
https://storage.googleapis.com/image-transcreation/part2/education/k5-count-6.png,"Count the number of objects present for each sticker design",https://storage.googleapis.com/image-transcreation/outputs/part2/e2e-instruct/nigeria/education_k5-count-6.png,https://storage.googleapis.com/image-transcreation/outputs/part2/cap-retrieve/nigeria/education_k5-count-6.png,https://storage.googleapis.com/image-transcreation/outputs/part2/cap-edit/nigeria/education_k5-count-6.png,e2e-instruct,cap-retrieve,cap-edit
https://storage.googleapis.com/image-transcreation/part2/education/k5-count-11.png,"Add the indian currency notes",https://storage.googleapis.com/image-transcreation/outputs/part2/cap-edit/nigeria/education_k5-count-11.png,https://storage.googleapis.com/image-transcreation/outputs/part2/cap-retrieve/nigeria/education_k5-count-11.png,https://storage.googleapis.com/image-transcreation/outputs/part2/e2e-instruct/nigeria/education_k5-count-11.png,cap-edit,cap-retrieve,e2e-instruct
https://storage.googleapis.com/image-transcreation/part2/education/k5-sort_count-4.png,"How many different types of trees are there?. Color 1 slice for each tree using the given color.",https://storage.googleapis.com/image-transcreation/outputs/part2/cap-retrieve/nigeria/education_k5-sort_count-4.png,https://storage.googleapis.com/image-transcreation/outputs/part2/cap-edit/nigeria/education_k5-sort_count-4.png,https://storage.googleapis.com/image-transcreation/outputs/part2/e2e-instruct/nigeria/education_k5-sort_count-4.png,cap-retrieve,cap-edit,e2e-instruct
https://storage.googleapis.com/image-transcreation/part2/education/k5-count-5.png,"Count the popsicles and write the number",https://storage.googleapis.com/image-transcreation/outputs/part2/cap-edit/nigeria/education_k5-count-5.png,https://storage.googleapis.com/image-transcreation/outputs/part2/e2e-instruct/nigeria/education_k5-count-5.png,https://storage.googleapis.com/image-transcreation/outputs/part2/cap-retrieve/nigeria/education_k5-count-5.png,cap-edit,e2e-instruct,cap-retrieve
https://storage.googleapis.com/image-transcreation/part2/education/k5-count-2.png,"Count and write the number",https://storage.googleapis.com/image-transcreation/outputs/part2/e2e-instruct/nigeria/education_k5-count-2.png,https://storage.googleapis.com/image-transcreation/outputs/part2/cap-edit/nigeria/education_k5-count-2.png,https://storage.googleapis.com/image-transcreation/outputs/part2/cap-retrieve/nigeria/education_k5-count-2.png,e2e-instruct,cap-edit,cap-retrieve
https://storage.googleapis.com/image-transcreation/part2/education/k5-sort_count-3.png,"Circle the balls. Cross out the ice creams. Draw a square around the sunglasses. Write the totals",https://storage.googleapis.com/image-transcreation/outputs/part2/cap-retrieve/nigeria/education_k5-sort_count-3.png,https://storage.googleapis.com/image-transcreation/outputs/part2/e2e-instruct/nigeria/education_k5-sort_count-3.png,https://storage.googleapis.com/image-transcreation/outputs/part2/cap-edit/nigeria/education_k5-sort_count-3.png,cap-retrieve,e2e-instruct,cap-edit
https://storage.googleapis.com/image-transcreation/part2/education/k5-analyse-2.png,"Count number of hotdogs prepared by each person",https://storage.googleapis.com/image-transcreation/outputs/part2/e2e-instruct/nigeria/education_k5-analyse-2.png,https://storage.googleapis.com/image-transcreation/outputs/part2/cap-edit/nigeria/education_k5-analyse-2.png,https://storage.googleapis.com/image-transcreation/outputs/part2/cap-retrieve/nigeria/education_k5-analyse-2.png,e2e-instruct,cap-edit,cap-retrieve
https://storage.googleapis.com/image-transcreation/part2/education/k5-belong-4.png,"Circle the picture that doesn't belong",https://storage.googleapis.com/image-transcreation/outputs/part2/cap-edit/nigeria/education_k5-belong-4.png,https://storage.googleapis.com/image-transcreation/outputs/part2/e2e-instruct/nigeria/education_k5-belong-4.png,https://storage.googleapis.com/image-transcreation/outputs/part2/cap-retrieve/nigeria/education_k5-belong-4.png,cap-edit,e2e-instruct,cap-retrieve
https://storage.googleapis.com/image-transcreation/part2/education/k5-belong-3.png,"Circle the picture that doesn't belong",https://storage.googleapis.com/image-transcreation/outputs/part2/cap-edit/nigeria/education_k5-belong-3.png,https://storage.googleapis.com/image-transcreation/outputs/part2/cap-retrieve/nigeria/education_k5-belong-3.png,https://storage.googleapis.com/image-transcreation/outputs/part2/e2e-instruct/nigeria/education_k5-belong-3.png,cap-edit,cap-retrieve,e2e-instruct
https://storage.googleapis.com/image-transcreation/part2/education/k5-analyse-5.png,"Count the number of cupcakes",https://storage.googleapis.com/image-transcreation/outputs/part2/cap-edit/nigeria/education_k5-analyse-5.png,https://storage.googleapis.com/image-transcreation/outputs/part2/cap-retrieve/nigeria/education_k5-analyse-5.png,https://storage.googleapis.com/image-transcreation/outputs/part2/e2e-instruct/nigeria/education_k5-analyse-5.png,cap-edit,cap-retrieve,e2e-instruct
https://storage.googleapis.com/image-transcreation/part2/education/k5-analyse-10.png,"Identify the number of kids who chose pie, cake and cookies",https://storage.googleapis.com/image-transcreation/outputs/part2/e2e-instruct/nigeria/education_k5-analyse-10.png,https://storage.googleapis.com/image-transcreation/outputs/part2/cap-edit/nigeria/education_k5-analyse-10.png,https://storage.googleapis.com/image-transcreation/outputs/part2/cap-retrieve/nigeria/education_k5-analyse-10.png,e2e-instruct,cap-edit,cap-retrieve
https://storage.googleapis.com/image-transcreation/part2/education/k5-count-3.png,"Count and match",https://storage.googleapis.com/image-transcreation/outputs/part2/cap-edit/nigeria/education_k5-count-3.png,https://storage.googleapis.com/image-transcreation/outputs/part2/cap-retrieve/nigeria/education_k5-count-3.png,https://storage.googleapis.com/image-transcreation/outputs/part2/e2e-instruct/nigeria/education_k5-count-3.png,cap-edit,cap-retrieve,e2e-instruct
https://storage.googleapis.com/image-transcreation/part2/education/k5-sort_count-2.png,"Count each dessert and write the numbers in the boxes",https://storage.googleapis.com/image-transcreation/outputs/part2/e2e-instruct/nigeria/education_k5-sort_count-2.png,https://storage.googleapis.com/image-transcreation/outputs/part2/cap-retrieve/nigeria/education_k5-sort_count-2.png,https://storage.googleapis.com/image-transcreation/outputs/part2/cap-edit/nigeria/education_k5-sort_count-2.png,e2e-instruct,cap-retrieve,cap-edit
https://storage.googleapis.com/image-transcreation/part2/education/k5-sort_count-5.png,"How many of each balls are there ?",https://storage.googleapis.com/image-transcreation/outputs/part2/cap-retrieve/nigeria/education_k5-sort_count-5.png,https://storage.googleapis.com/image-transcreation/outputs/part2/cap-edit/nigeria/education_k5-sort_count-5.png,https://storage.googleapis.com/image-transcreation/outputs/part2/e2e-instruct/nigeria/education_k5-sort_count-5.png,cap-retrieve,cap-edit,e2e-instruct
https://storage.googleapis.com/image-transcreation/part2/education/k5-count-4.png,"Count each scary thing and write",https://storage.googleapis.com/image-transcreation/outputs/part2/e2e-instruct/nigeria/education_k5-count-4.png,https://storage.googleapis.com/image-transcreation/outputs/part2/cap-edit/nigeria/education_k5-count-4.png,https://storage.googleapis.com/image-transcreation/outputs/part2/cap-retrieve/nigeria/education_k5-count-4.png,e2e-instruct,cap-edit,cap-retrieve
https://storage.googleapis.com/image-transcreation/part2/education/k5-count-10.png,"Add the US currency notes",https://storage.googleapis.com/image-transcreation/outputs/part2/cap-edit/nigeria/education_k5-count-10.png,https://storage.googleapis.com/image-transcreation/outputs/part2/e2e-instruct/nigeria/education_k5-count-10.png,https://storage.googleapis.com/image-transcreation/outputs/part2/cap-retrieve/nigeria/education_k5-count-10.png,cap-edit,e2e-instruct,cap-retrieve
https://storage.googleapis.com/image-transcreation/part2/education/k5-sort_data-1.png,"Draw lines to connect and sort each animal according to their number of legs",https://storage.googleapis.com/image-transcreation/outputs/part2/e2e-instruct/nigeria/education_k5-sort_data-1.png,https://storage.googleapis.com/image-transcreation/outputs/part2/cap-edit/nigeria/education_k5-sort_data-1.png,https://storage.googleapis.com/image-transcreation/outputs/part2/cap-retrieve/nigeria/education_k5-sort_data-1.png,e2e-instruct,cap-edit,cap-retrieve
https://storage.googleapis.com/image-transcreation/part2/education/k5-sort-2.png,"Match items with either fruit or vegetables basket",https://storage.googleapis.com/image-transcreation/outputs/part2/cap-edit/nigeria/education_k5-sort-2.png,https://storage.googleapis.com/image-transcreation/outputs/part2/e2e-instruct/nigeria/education_k5-sort-2.png,https://storage.googleapis.com/image-transcreation/outputs/part2/cap-retrieve/nigeria/education_k5-sort-2.png,cap-edit,e2e-instruct,cap-retrieve
https://storage.googleapis.com/image-transcreation/part2/education/k5-analyse-11.png,"Circle group with more number of cup cakes",https://storage.googleapis.com/image-transcreation/outputs/part2/e2e-instruct/nigeria/education_k5-analyse-11.png,https://storage.googleapis.com/image-transcreation/outputs/part2/cap-edit/nigeria/education_k5-analyse-11.png,https://storage.googleapis.com/image-transcreation/outputs/part2/cap-retrieve/nigeria/education_k5-analyse-11.png,e2e-instruct,cap-edit,cap-retrieve
https://storage.googleapis.com/image-transcreation/part2/education/k5-belong-2.png,"Circle the picture that is different",https://storage.googleapis.com/image-transcreation/outputs/part2/cap-retrieve/nigeria/education_k5-belong-2.png,https://storage.googleapis.com/image-transcreation/outputs/part2/e2e-instruct/nigeria/education_k5-belong-2.png,https://storage.googleapis.com/image-transcreation/outputs/part2/cap-edit/nigeria/education_k5-belong-2.png,cap-retrieve,e2e-instruct,cap-edit
https://storage.googleapis.com/image-transcreation/part2/education/k5-analyse-4.png,"Count the number of people who played basketball, soccer, baseball, tennis and football",https://storage.googleapis.com/image-transcreation/outputs/part2/e2e-instruct/nigeria/education_k5-analyse-4.png,https://storage.googleapis.com/image-transcreation/outputs/part2/cap-edit/nigeria/education_k5-analyse-4.png,https://storage.googleapis.com/image-transcreation/outputs/part2/cap-retrieve/nigeria/education_k5-analyse-4.png,e2e-instruct,cap-edit,cap-retrieve
https://storage.googleapis.com/image-transcreation/part2/education/k5-analyse-3.png,"Count number of cupcakes baked on each weekday",https://storage.googleapis.com/image-transcreation/outputs/part2/cap-retrieve/nigeria/education_k5-analyse-3.png,https://storage.googleapis.com/image-transcreation/outputs/part2/e2e-instruct/nigeria/education_k5-analyse-3.png,https://storage.googleapis.com/image-transcreation/outputs/part2/cap-edit/nigeria/education_k5-analyse-3.png,cap-retrieve,e2e-instruct,cap-edit
https://storage.googleapis.com/image-transcreation/part2/education/k5-belong-5.png,"Circle the picture that doesn't belong.",https://storage.googleapis.com/image-transcreation/outputs/part2/cap-retrieve/nigeria/education_k5-belong-5.png,https://storage.googleapis.com/image-transcreation/outputs/part2/e2e-instruct/nigeria/education_k5-belong-5.png,https://storage.googleapis.com/image-transcreation/outputs/part2/cap-edit/nigeria/education_k5-belong-5.png,cap-retrieve,e2e-instruct,cap-edit
https://storage.googleapis.com/image-transcreation/part2/stories/namukuru's_bicycle.jpg,"Namukuru carries her brother on her bicycle.",https://storage.googleapis.com/image-transcreation/outputs/part2/cap-edit/nigeria/stories_namukuru's_bicycle.png,https://storage.googleapis.com/image-transcreation/outputs/part2/cap-retrieve/nigeria/stories_namukuru's_bicycle.jpg,https://storage.googleapis.com/image-transcreation/outputs/part2/e2e-instruct/nigeria/stories_namukuru's_bicycle.jpg,cap-edit,cap-retrieve,e2e-instruct
https://storage.googleapis.com/image-transcreation/part2/stories/happy.jpg,"When I am happy so is she.",https://storage.googleapis.com/image-transcreation/outputs/part2/cap-retrieve/nigeria/stories_happy.jpg,https://storage.googleapis.com/image-transcreation/outputs/part2/cap-edit/nigeria/stories_happy.png,https://storage.googleapis.com/image-transcreation/outputs/part2/e2e-instruct/nigeria/stories_happy.jpg,cap-retrieve,cap-edit,e2e-instruct
https://storage.googleapis.com/image-transcreation/part2/stories/pehelwaan_ji.jpg,"He drinks ten litres of milk everyday.",https://storage.googleapis.com/image-transcreation/outputs/part2/cap-retrieve/nigeria/stories_pehelwaan_ji.jpg,https://storage.googleapis.com/image-transcreation/outputs/part2/e2e-instruct/nigeria/stories_pehelwaan_ji.jpg,https://storage.googleapis.com/image-transcreation/outputs/part2/cap-edit/nigeria/stories_pehelwaan_ji.png,cap-retrieve,e2e-instruct,cap-edit
https://storage.googleapis.com/image-transcreation/part2/stories/dole_agu_lo_oo.jpg,"Every morning I brush my doll's hair.",https://storage.googleapis.com/image-transcreation/outputs/part2/cap-edit/nigeria/stories_dole_agu_lo_oo.png,https://storage.googleapis.com/image-transcreation/outputs/part2/cap-retrieve/nigeria/stories_dole_agu_lo_oo.jpg,https://storage.googleapis.com/image-transcreation/outputs/part2/e2e-instruct/nigeria/stories_dole_agu_lo_oo.jpg,cap-edit,cap-retrieve,e2e-instruct
https://storage.googleapis.com/image-transcreation/part2/stories/greetings.jpg,"Good morning.",https://storage.googleapis.com/image-transcreation/outputs/part2/cap-edit/nigeria/stories_greetings.png,https://storage.googleapis.com/image-transcreation/outputs/part2/cap-retrieve/nigeria/stories_greetings.jpg,https://storage.googleapis.com/image-transcreation/outputs/part2/e2e-instruct/nigeria/stories_greetings.jpg,cap-edit,cap-retrieve,e2e-instruct
https://storage.googleapis.com/image-transcreation/part2/stories/feet_hands_and_head.jpg,"I use my hands to eat work and hug.",https://storage.googleapis.com/image-transcreation/outputs/part2/cap-retrieve/nigeria/stories_feet_hands_and_head.jpg,https://storage.googleapis.com/image-transcreation/outputs/part2/cap-edit/nigeria/stories_feet_hands_and_head.png,https://storage.googleapis.com/image-transcreation/outputs/part2/e2e-instruct/nigeria/stories_feet_hands_and_head.jpg,cap-retrieve,cap-edit,e2e-instruct
https://storage.googleapis.com/image-transcreation/part2/stories/the_busy_big_mango_tree.jpg,"Tuesday it is meeting venue for politicians.",https://storage.googleapis.com/image-transcreation/outputs/part2/e2e-instruct/nigeria/stories_the_busy_big_mango_tree.jpg,https://storage.googleapis.com/image-transcreation/outputs/part2/cap-edit/nigeria/stories_the_busy_big_mango_tree.png,https://storage.googleapis.com/image-transcreation/outputs/part2/cap-retrieve/nigeria/stories_the_busy_big_mango_tree.jpg,e2e-instruct,cap-edit,cap-retrieve
https://storage.googleapis.com/image-transcreation/part2/stories/tingi_and_the_cows.jpg,"He used to look after the cows with her.",https://storage.googleapis.com/image-transcreation/outputs/part2/cap-edit/nigeria/stories_tingi_and_the_cows.png,https://storage.googleapis.com/image-transcreation/outputs/part2/e2e-instruct/nigeria/stories_tingi_and_the_cows.jpg,https://storage.googleapis.com/image-transcreation/outputs/part2/cap-retrieve/nigeria/stories_tingi_and_the_cows.jpg,cap-edit,e2e-instruct,cap-retrieve
https://storage.googleapis.com/image-transcreation/part2/stories/basara.jpg,"My mom bought rice.",https://storage.googleapis.com/image-transcreation/outputs/part2/cap-retrieve/nigeria/stories_basara.jpg,https://storage.googleapis.com/image-transcreation/outputs/part2/cap-edit/nigeria/stories_basara.png,https://storage.googleapis.com/image-transcreation/outputs/part2/e2e-instruct/nigeria/stories_basara.jpg,cap-retrieve,cap-edit,e2e-instruct
https://storage.googleapis.com/image-transcreation/part2/stories/toto.jpg,"Toto learns to plant herbs too.",https://storage.googleapis.com/image-transcreation/outputs/part2/e2e-instruct/nigeria/stories_toto.jpg,https://storage.googleapis.com/image-transcreation/outputs/part2/cap-edit/nigeria/stories_toto.png,https://storage.googleapis.com/image-transcreation/outputs/part2/cap-retrieve/nigeria/stories_toto.jpg,e2e-instruct,cap-edit,cap-retrieve
https://storage.googleapis.com/image-transcreation/part2/stories/my_home.jpg,"I live here with my whole family.",https://storage.googleapis.com/image-transcreation/outputs/part2/e2e-instruct/nigeria/stories_my_home.jpg,https://storage.googleapis.com/image-transcreation/outputs/part2/cap-retrieve/nigeria/stories_my_home.jpg,https://storage.googleapis.com/image-transcreation/outputs/part2/cap-edit/nigeria/stories_my_home.png,e2e-instruct,cap-retrieve,cap-edit
https://storage.googleapis.com/image-transcreation/part2/stories/mepu.jpg,"On Monday they climbed a mountain.",https://storage.googleapis.com/image-transcreation/outputs/part2/e2e-instruct/nigeria/stories_mepu.jpg,https://storage.googleapis.com/image-transcreation/outputs/part2/cap-edit/nigeria/stories_mepu.png,https://storage.googleapis.com/image-transcreation/outputs/part2/cap-retrieve/nigeria/stories_mepu.jpg,e2e-instruct,cap-edit,cap-retrieve
https://storage.googleapis.com/image-transcreation/part2/stories/naughty_or_not.jpg,"Yes you are a good boy.",https://storage.googleapis.com/image-transcreation/outputs/part2/cap-retrieve/nigeria/stories_naughty_or_not.jpg,https://storage.googleapis.com/image-transcreation/outputs/part2/cap-edit/nigeria/stories_naughty_or_not.png,https://storage.googleapis.com/image-transcreation/outputs/part2/e2e-instruct/nigeria/stories_naughty_or_not.jpg,cap-retrieve,cap-edit,e2e-instruct
https://storage.googleapis.com/image-transcreation/part2/stories/pig.jpg,"How are we going to get there?",https://storage.googleapis.com/image-transcreation/outputs/part2/cap-edit/nigeria/stories_pig.png,https://storage.googleapis.com/image-transcreation/outputs/part2/e2e-instruct/nigeria/stories_pig.jpg,https://storage.googleapis.com/image-transcreation/outputs/part2/cap-retrieve/nigeria/stories_pig.jpg,cap-edit,e2e-instruct,cap-retrieve
https://storage.googleapis.com/image-transcreation/part2/stories/cake.jpg,"Elly cut the cake into 8 pieces.",https://storage.googleapis.com/image-transcreation/outputs/part2/e2e-instruct/nigeria/stories_cake.jpg,https://storage.googleapis.com/image-transcreation/outputs/part2/cap-retrieve/nigeria/stories_cake.jpg,https://storage.googleapis.com/image-transcreation/outputs/part2/cap-edit/nigeria/stories_cake.png,e2e-instruct,cap-retrieve,cap-edit
https://storage.googleapis.com/image-transcreation/part2/stories/cat_and_dog_and_the_yam.jpg,"This is Cat.This is Dog.",https://storage.googleapis.com/image-transcreation/outputs/part2/cap-edit/nigeria/stories_cat_and_dog_and_the_yam.png,https://storage.googleapis.com/image-transcreation/outputs/part2/cap-retrieve/nigeria/stories_cat_and_dog_and_the_yam.jpg,https://storage.googleapis.com/image-transcreation/outputs/part2/e2e-instruct/nigeria/stories_cat_and_dog_and_the_yam.jpg,cap-edit,cap-retrieve,e2e-instruct
https://storage.googleapis.com/image-transcreation/part2/stories/hamo_os_du_ut.jpg,"While she was weeding he played in a pond.",https://storage.googleapis.com/image-transcreation/outputs/part2/cap-retrieve/nigeria/stories_hamo_os_du_ut.jpg,https://storage.googleapis.com/image-transcreation/outputs/part2/cap-edit/nigeria/stories_hamo_os_du_ut.png,https://storage.googleapis.com/image-transcreation/outputs/part2/e2e-instruct/nigeria/stories_hamo_os_du_ut.jpg,cap-retrieve,cap-edit,e2e-instruct
https://storage.googleapis.com/image-transcreation/part2/stories/asi_uli.jpg,"My skin is brown. A frog's skin is green.",https://storage.googleapis.com/image-transcreation/outputs/part2/cap-edit/nigeria/stories_asi_uli.png,https://storage.googleapis.com/image-transcreation/outputs/part2/cap-retrieve/nigeria/stories_asi_uli.jpg,https://storage.googleapis.com/image-transcreation/outputs/part2/e2e-instruct/nigeria/stories_asi_uli.jpg,cap-edit,cap-retrieve,e2e-instruct
https://storage.googleapis.com/image-transcreation/part2/stories/o_rain_come.jpg,"Lilato fanned herself.",https://storage.googleapis.com/image-transcreation/outputs/part2/cap-retrieve/nigeria/stories_o_rain_come.jpg,https://storage.googleapis.com/image-transcreation/outputs/part2/e2e-instruct/nigeria/stories_o_rain_come.jpg,https://storage.googleapis.com/image-transcreation/outputs/part2/cap-edit/nigeria/stories_o_rain_come.png,cap-retrieve,e2e-instruct,cap-edit
https://storage.googleapis.com/image-transcreation/part2/stories/let_s_go.jpg,". . . I smell dirty socks.",https://storage.googleapis.com/image-transcreation/outputs/part2/e2e-instruct/nigeria/stories_let_s_go.jpg,https://storage.googleapis.com/image-transcreation/outputs/part2/cap-retrieve/nigeria/stories_let_s_go.jpg,https://storage.googleapis.com/image-transcreation/outputs/part2/cap-edit/nigeria/stories_let_s_go.png,e2e-instruct,cap-retrieve,cap-edit
https://storage.googleapis.com/image-transcreation/part2/stories/importance_of_trees.jpg,"Everyday he looked up to the sky for rain.",https://storage.googleapis.com/image-transcreation/outputs/part2/cap-edit/nigeria/stories_importance_of_trees.png,https://storage.googleapis.com/image-transcreation/outputs/part2/cap-retrieve/nigeria/stories_importance_of_trees.jpg,https://storage.googleapis.com/image-transcreation/outputs/part2/e2e-instruct/nigeria/stories_importance_of_trees.jpg,cap-edit,cap-retrieve,e2e-instruct
https://storage.googleapis.com/image-transcreation/part2/stories/i_spy_shapes.jpg,"I am a square!",https://storage.googleapis.com/image-transcreation/outputs/part2/cap-edit/nigeria/stories_i_spy_shapes.png,https://storage.googleapis.com/image-transcreation/outputs/part2/cap-retrieve/nigeria/stories_i_spy_shapes.jpg,https://storage.googleapis.com/image-transcreation/outputs/part2/e2e-instruct/nigeria/stories_i_spy_shapes.jpg,cap-edit,cap-retrieve,e2e-instruct
https://storage.googleapis.com/image-transcreation/part2/stories/19-friends.jpg,"We play in the river.",https://storage.googleapis.com/image-transcreation/outputs/part2/cap-edit/nigeria/stories_19-friends.png,https://storage.googleapis.com/image-transcreation/outputs/part2/cap-retrieve/nigeria/stories_19-friends.jpg,https://storage.googleapis.com/image-transcreation/outputs/part2/e2e-instruct/nigeria/stories_19-friends.jpg,cap-edit,cap-retrieve,e2e-instruct
https://storage.googleapis.com/image-transcreation/part2/stories/helping_others.jpg,"On Tuesday Mama helped me.",https://storage.googleapis.com/image-transcreation/outputs/part2/cap-edit/nigeria/stories_helping_others.png,https://storage.googleapis.com/image-transcreation/outputs/part2/cap-retrieve/nigeria/stories_helping_others.jpg,https://storage.googleapis.com/image-transcreation/outputs/part2/e2e-instruct/nigeria/stories_helping_others.jpg,cap-edit,cap-retrieve,e2e-instruct
https://storage.googleapis.com/image-transcreation/part2/stories/nakitto_at_school.jpg,"She entered a new class and met new friends.",https://storage.googleapis.com/image-transcreation/outputs/part2/cap-edit/nigeria/stories_nakitto_at_school.png,https://storage.googleapis.com/image-transcreation/outputs/part2/e2e-instruct/nigeria/stories_nakitto_at_school.jpg,https://storage.googleapis.com/image-transcreation/outputs/part2/cap-retrieve/nigeria/stories_nakitto_at_school.jpg,cap-edit,e2e-instruct,cap-retrieve
https://storage.googleapis.com/image-transcreation/part2/stories/butandwa_eyakabi.jpg,"A big truck was driving down the hill.",https://storage.googleapis.com/image-transcreation/outputs/part2/cap-edit/nigeria/stories_butandwa_eyakabi.png,https://storage.googleapis.com/image-transcreation/outputs/part2/e2e-instruct/nigeria/stories_butandwa_eyakabi.jpg,https://storage.googleapis.com/image-transcreation/outputs/part2/cap-retrieve/nigeria/stories_butandwa_eyakabi.jpg,cap-edit,e2e-instruct,cap-retrieve
https://storage.googleapis.com/image-transcreation/part2/stories/annoying_mosquito.jpg,"“Who is there?” I ask sleepily.",https://storage.googleapis.com/image-transcreation/outputs/part2/cap-retrieve/nigeria/stories_annoying_mosquito.jpg,https://storage.googleapis.com/image-transcreation/outputs/part2/e2e-instruct/nigeria/stories_annoying_mosquito.jpg,https://storage.googleapis.com/image-transcreation/outputs/part2/cap-edit/nigeria/stories_annoying_mosquito.png,cap-retrieve,e2e-instruct,cap-edit
https://storage.googleapis.com/image-transcreation/part2/stories/homes.jpg,"This home is on the coast.",https://storage.googleapis.com/image-transcreation/outputs/part2/cap-retrieve/nigeria/stories_homes.jpg,https://storage.googleapis.com/image-transcreation/outputs/part2/e2e-instruct/nigeria/stories_homes.jpg,https://storage.googleapis.com/image-transcreation/outputs/part2/cap-edit/nigeria/stories_homes.png,cap-retrieve,e2e-instruct,cap-edit
https://storage.googleapis.com/image-transcreation/part2/stories/my_very_own_scooter.jpg,"Hmmm... They look like wheels.",https://storage.googleapis.com/image-transcreation/outputs/part2/cap-edit/nigeria/stories_my_very_own_scooter.png,https://storage.googleapis.com/image-transcreation/outputs/part2/cap-retrieve/nigeria/stories_my_very_own_scooter.jpg,https://storage.googleapis.com/image-transcreation/outputs/part2/e2e-instruct/nigeria/stories_my_very_own_scooter.jpg,cap-edit,cap-retrieve,e2e-instruct
https://storage.googleapis.com/image-transcreation/part2/stories/who_colored_the_clouds.jpg,"Oh no! Then who coloured the clouds?",https://storage.googleapis.com/image-transcreation/outputs/part2/cap-edit/nigeria/stories_who_colored_the_clouds.png,https://storage.googleapis.com/image-transcreation/outputs/part2/cap-retrieve/nigeria/stories_who_colored_the_clouds.jpg,https://storage.googleapis.com/image-transcreation/outputs/part2/e2e-instruct/nigeria/stories_who_colored_the_clouds.jpg,cap-edit,cap-retrieve,e2e-instruct
https://storage.googleapis.com/image-transcreation/part2/stories/i_feel.jpg,"Sad",https://storage.googleapis.com/image-transcreation/outputs/part2/cap-edit/nigeria/stories_i_feel.png,https://storage.googleapis.com/image-transcreation/outputs/part2/e2e-instruct/nigeria/stories_i_feel.jpg,https://storage.googleapis.com/image-transcreation/outputs/part2/cap-retrieve/nigeria/stories_i_feel.jpg,cap-edit,e2e-instruct,cap-retrieve
https://storage.googleapis.com/image-transcreation/part2/stories/apa_m_ba_serbisu.jpg,"On Tuesday Daddy rode a bicycle to work.",https://storage.googleapis.com/image-transcreation/outputs/part2/cap-retrieve/nigeria/stories_apa_m_ba_serbisu.jpg,https://storage.googleapis.com/image-transcreation/outputs/part2/e2e-instruct/nigeria/stories_apa_m_ba_serbisu.jpg,https://storage.googleapis.com/image-transcreation/outputs/part2/cap-edit/nigeria/stories_apa_m_ba_serbisu.png,cap-retrieve,e2e-instruct,cap-edit
https://storage.googleapis.com/image-transcreation/part2/stories/pinky.jpg,"She goes to school daily with her mother.",https://storage.googleapis.com/image-transcreation/outputs/part2/cap-edit/nigeria/stories_pinky.png,https://storage.googleapis.com/image-transcreation/outputs/part2/e2e-instruct/nigeria/stories_pinky.jpg,https://storage.googleapis.com/image-transcreation/outputs/part2/cap-retrieve/nigeria/stories_pinky.jpg,cap-edit,e2e-instruct,cap-retrieve
https://storage.googleapis.com/image-transcreation/part2/stories/chingoo_s_ching_ching.jpg,"Bangles?No",https://storage.googleapis.com/image-transcreation/outputs/part2/cap-edit/nigeria/stories_chingoo_s_ching_ching.png,https://storage.googleapis.com/image-transcreation/outputs/part2/e2e-instruct/nigeria/stories_chingoo_s_ching_ching.jpg,https://storage.googleapis.com/image-transcreation/outputs/part2/cap-retrieve/nigeria/stories_chingoo_s_ching_ching.jpg,cap-edit,e2e-instruct,cap-retrieve
https://storage.googleapis.com/image-transcreation/part2/stories/jojo_and_cow.jpg,"Jojo living with his mother and a milk cow.",https://storage.googleapis.com/image-transcreation/outputs/part2/e2e-instruct/nigeria/stories_jojo_and_cow.jpg,https://storage.googleapis.com/image-transcreation/outputs/part2/cap-edit/nigeria/stories_jojo_and_cow.png,https://storage.googleapis.com/image-transcreation/outputs/part2/cap-retrieve/nigeria/stories_jojo_and_cow.jpg,e2e-instruct,cap-edit,cap-retrieve
https://storage.googleapis.com/image-transcreation/part2/stories/school.jpg,"At school she played with lots of friends.",https://storage.googleapis.com/image-transcreation/outputs/part2/cap-edit/nigeria/stories_school.png,https://storage.googleapis.com/image-transcreation/outputs/part2/e2e-instruct/nigeria/stories_school.jpg,https://storage.googleapis.com/image-transcreation/outputs/part2/cap-retrieve/nigeria/stories_school.jpg,cap-edit,e2e-instruct,cap-retrieve
https://storage.googleapis.com/image-transcreation/part2/stories/greed.jpg,"They looked delicious.",https://storage.googleapis.com/image-transcreation/outputs/part2/cap-retrieve/nigeria/stories_greed.jpg,https://storage.googleapis.com/image-transcreation/outputs/part2/e2e-instruct/nigeria/stories_greed.jpg,https://storage.googleapis.com/image-transcreation/outputs/part2/cap-edit/nigeria/stories_greed.png,cap-retrieve,e2e-instruct,cap-edit
https://storage.googleapis.com/image-transcreation/part2/stories/baraka's_school_schedule.jpg,"She washes her face and brushes her teeth.",https://storage.googleapis.com/image-transcreation/outputs/part2/cap-edit/nigeria/stories_baraka's_school_schedule.png,https://storage.googleapis.com/image-transcreation/outputs/part2/cap-retrieve/nigeria/stories_baraka's_school_schedule.jpg,https://storage.googleapis.com/image-transcreation/outputs/part2/e2e-instruct/nigeria/stories_baraka's_school_schedule.jpg,cap-edit,cap-retrieve,e2e-instruct
https://storage.googleapis.com/image-transcreation/part2/stories/don_likes_bats_and_frogs.jpg,"Don likes big frogs.",https://storage.googleapis.com/image-transcreation/outputs/part2/e2e-instruct/nigeria/stories_don_likes_bats_and_frogs.jpg,https://storage.googleapis.com/image-transcreation/outputs/part2/cap-edit/nigeria/stories_don_likes_bats_and_frogs.png,https://storage.googleapis.com/image-transcreation/outputs/part2/cap-retrieve/nigeria/stories_don_likes_bats_and_frogs.jpg,e2e-instruct,cap-edit,cap-retrieve
https://storage.googleapis.com/image-transcreation/part2/stories/soccer_game_is_good.jpg,"Maliki is teaching us soccer are you interested too?",https://storage.googleapis.com/image-transcreation/outputs/part2/e2e-instruct/nigeria/stories_soccer_game_is_good.jpg,https://storage.googleapis.com/image-transcreation/outputs/part2/cap-retrieve/nigeria/stories_soccer_game_is_good.jpg,https://storage.googleapis.com/image-transcreation/outputs/part2/cap-edit/nigeria/stories_soccer_game_is_good.png,e2e-instruct,cap-retrieve,cap-edit
https://storage.googleapis.com/image-transcreation/part2/stories/mama__what’s_for_dinner.jpg,"“Hurry Thabo. Mama is making lunch ” calls Tumi",https://storage.googleapis.com/image-transcreation/outputs/part2/cap-edit/nigeria/stories_mama__what’s_for_dinner.png,https://storage.googleapis.com/image-transcreation/outputs/part2/cap-retrieve/nigeria/stories_mama__what’s_for_dinner.jpg,https://storage.googleapis.com/image-transcreation/outputs/part2/e2e-instruct/nigeria/stories_mama__what’s_for_dinner.jpg,cap-edit,cap-retrieve,e2e-instruct
https://storage.googleapis.com/image-transcreation/part2/stories/my_family.jpg,"My mother is reading a Bible.",https://storage.googleapis.com/image-transcreation/outputs/part2/e2e-instruct/nigeria/stories_my_family.jpg,https://storage.googleapis.com/image-transcreation/outputs/part2/cap-edit/nigeria/stories_my_family.png,https://storage.googleapis.com/image-transcreation/outputs/part2/cap-retrieve/nigeria/stories_my_family.jpg,e2e-instruct,cap-edit,cap-retrieve
https://storage.googleapis.com/image-transcreation/part2/stories/hơmư̆.jpg,"Mice squeak.",https://storage.googleapis.com/image-transcreation/outputs/part2/cap-edit/nigeria/stories_hơmư̆.png,https://storage.googleapis.com/image-transcreation/outputs/part2/cap-retrieve/nigeria/stories_hơmư̆.jpg,https://storage.googleapis.com/image-transcreation/outputs/part2/e2e-instruct/nigeria/stories_hơmư̆.jpg,cap-edit,cap-retrieve,e2e-instruct
https://storage.googleapis.com/image-transcreation/part2/stories/reba_wants_ice_cream.jpg,"reba loved ice cream.mmm... ice cream!",https://storage.googleapis.com/image-transcreation/outputs/part2/e2e-instruct/nigeria/stories_reba_wants_ice_cream.jpg,https://storage.googleapis.com/image-transcreation/outputs/part2/cap-edit/nigeria/stories_reba_wants_ice_cream.png,https://storage.googleapis.com/image-transcreation/outputs/part2/cap-retrieve/nigeria/stories_reba_wants_ice_cream.jpg,e2e-instruct,cap-edit,cap-retrieve
https://storage.googleapis.com/image-transcreation/part2/stories/yes_you_can!.jpg,"Khutso shouts “I want to be a cook!”",https://storage.googleapis.com/image-transcreation/outputs/part2/cap-retrieve/nigeria/stories_yes_you_can!.jpg,https://storage.googleapis.com/image-transcreation/outputs/part2/cap-edit/nigeria/stories_yes_you_can!.png,https://storage.googleapis.com/image-transcreation/outputs/part2/e2e-instruct/nigeria/stories_yes_you_can!.jpg,cap-retrieve,cap-edit,e2e-instruct
https://storage.googleapis.com/image-transcreation/part2/stories/where_do_these_ants_go.jpg,"They go up the shelf to eat biscuits.",https://storage.googleapis.com/image-transcreation/outputs/part2/e2e-instruct/nigeria/stories_where_do_these_ants_go.jpg,https://storage.googleapis.com/image-transcreation/outputs/part2/cap-retrieve/nigeria/stories_where_do_these_ants_go.jpg,https://storage.googleapis.com/image-transcreation/outputs/part2/cap-edit/nigeria/stories_where_do_these_ants_go.png,e2e-instruct,cap-retrieve,cap-edit
https://storage.googleapis.com/image-transcreation/part2/stories/happy_and_sad.jpg,"I think she is hungry.",https://storage.googleapis.com/image-transcreation/outputs/part2/cap-edit/nigeria/stories_happy_and_sad.png,https://storage.googleapis.com/image-transcreation/outputs/part2/e2e-instruct/nigeria/stories_happy_and_sad.jpg,https://storage.googleapis.com/image-transcreation/outputs/part2/cap-retrieve/nigeria/stories_happy_and_sad.jpg,cap-edit,e2e-instruct,cap-retrieve
https://storage.googleapis.com/image-transcreation/part2/stories/tiu_id_nor_solaia_id.jpg,"The snake crawled up to the bench.",https://storage.googleapis.com/image-transcreation/outputs/part2/cap-edit/nigeria/stories_tiu_id_nor_solaia_id.png,https://storage.googleapis.com/image-transcreation/outputs/part2/e2e-instruct/nigeria/stories_tiu_id_nor_solaia_id.jpg,https://storage.googleapis.com/image-transcreation/outputs/part2/cap-retrieve/nigeria/stories_tiu_id_nor_solaia_id.jpg,cap-edit,e2e-instruct,cap-retrieve
https://storage.googleapis.com/image-transcreation/part2/stories/my_body.jpg,"I can jump with it.",https://storage.googleapis.com/image-transcreation/outputs/part2/cap-edit/nigeria/stories_my_body.png,https://storage.googleapis.com/image-transcreation/outputs/part2/cap-retrieve/nigeria/stories_my_body.jpg,https://storage.googleapis.com/image-transcreation/outputs/part2/e2e-instruct/nigeria/stories_my_body.jpg,cap-edit,cap-retrieve,e2e-instruct
https://storage.googleapis.com/image-transcreation/part2/stories/different_people_with_different_hair.jpg,"Nandi has plated hair. She looks smart too.",https://storage.googleapis.com/image-transcreation/outputs/part2/cap-retrieve/nigeria/stories_different_people_with_different_hair.jpg,https://storage.googleapis.com/image-transcreation/outputs/part2/cap-edit/nigeria/stories_different_people_with_different_hair.png,https://storage.googleapis.com/image-transcreation/outputs/part2/e2e-instruct/nigeria/stories_different_people_with_different_hair.jpg,cap-retrieve,cap-edit,e2e-instruct
https://storage.googleapis.com/image-transcreation/part2/stories/la_pata_lupita.jpg,"She jumped high. Six feet she jumped.",https://storage.googleapis.com/image-transcreation/outputs/part2/e2e-instruct/nigeria/stories_la_pata_lupita.jpg,https://storage.googleapis.com/image-transcreation/outputs/part2/cap-edit/nigeria/stories_la_pata_lupita.png,https://storage.googleapis.com/image-transcreation/outputs/part2/cap-retrieve/nigeria/stories_la_pata_lupita.jpg,e2e-instruct,cap-edit,cap-retrieve
https://storage.googleapis.com/image-transcreation/part2/stories/milk_is_good.jpg,"Dad is cooking porridge mixed with milk for breakfast.",https://storage.googleapis.com/image-transcreation/outputs/part2/cap-retrieve/nigeria/stories_milk_is_good.jpg,https://storage.googleapis.com/image-transcreation/outputs/part2/cap-edit/nigeria/stories_milk_is_good.png,https://storage.googleapis.com/image-transcreation/outputs/part2/e2e-instruct/nigeria/stories_milk_is_good.jpg,cap-retrieve,cap-edit,e2e-instruct
https://storage.googleapis.com/image-transcreation/part2/stories/learning_at_home.jpg,"Learning at Home",https://storage.googleapis.com/image-transcreation/outputs/part2/cap-edit/nigeria/stories_learning_at_home.png,https://storage.googleapis.com/image-transcreation/outputs/part2/e2e-instruct/nigeria/stories_learning_at_home.jpg,https://storage.googleapis.com/image-transcreation/outputs/part2/cap-retrieve/nigeria/stories_learning_at_home.jpg,cap-edit,e2e-instruct,cap-retrieve
https://storage.googleapis.com/image-transcreation/part2/stories/wiar_kobit-19.jpg,"Avoid touching eyes nose and mouth.",https://storage.googleapis.com/image-transcreation/outputs/part2/cap-retrieve/nigeria/stories_wiar_kobit-19.jpg,https://storage.googleapis.com/image-transcreation/outputs/part2/cap-edit/nigeria/stories_wiar_kobit-19.png,https://storage.googleapis.com/image-transcreation/outputs/part2/e2e-instruct/nigeria/stories_wiar_kobit-19.jpg,cap-retrieve,cap-edit,e2e-instruct
https://storage.googleapis.com/image-transcreation/part2/stories/cat_and_dog_and_the_egg.jpg,"Cat and Dog walk. They walk in their village.",https://storage.googleapis.com/image-transcreation/outputs/part2/e2e-instruct/nigeria/stories_cat_and_dog_and_the_egg.jpg,https://storage.googleapis.com/image-transcreation/outputs/part2/cap-edit/nigeria/stories_cat_and_dog_and_the_egg.png,https://storage.googleapis.com/image-transcreation/outputs/part2/cap-retrieve/nigeria/stories_cat_and_dog_and_the_egg.jpg,e2e-instruct,cap-edit,cap-retrieve
https://storage.googleapis.com/image-transcreation/part2/stories/my_face_tells_a_story.jpg,"My face can be worried.",https://storage.googleapis.com/image-transcreation/outputs/part2/e2e-instruct/nigeria/stories_my_face_tells_a_story.jpg,https://storage.googleapis.com/image-transcreation/outputs/part2/cap-edit/nigeria/stories_my_face_tells_a_story.png,https://storage.googleapis.com/image-transcreation/outputs/part2/cap-retrieve/nigeria/stories_my_face_tells_a_story.jpg,e2e-instruct,cap-edit,cap-retrieve
https://storage.googleapis.com/image-transcreation/part2/stories/monu_was_lost_and_found!.jpg,"He loved playing with his friends.",https://storage.googleapis.com/image-transcreation/outputs/part2/e2e-instruct/nigeria/stories_monu_was_lost_and_found!.jpg,https://storage.googleapis.com/image-transcreation/outputs/part2/cap-edit/nigeria/stories_monu_was_lost_and_found!.png,https://storage.googleapis.com/image-transcreation/outputs/part2/cap-retrieve/nigeria/stories_monu_was_lost_and_found!.jpg,e2e-instruct,cap-edit,cap-retrieve
https://storage.googleapis.com/image-transcreation/part2/stories/different_abilities.jpg,"Agnes uses crutches to walk.",https://storage.googleapis.com/image-transcreation/outputs/part2/e2e-instruct/nigeria/stories_different_abilities.jpg,https://storage.googleapis.com/image-transcreation/outputs/part2/cap-retrieve/nigeria/stories_different_abilities.jpg,https://storage.googleapis.com/image-transcreation/outputs/part2/cap-edit/nigeria/stories_different_abilities.png,e2e-instruct,cap-retrieve,cap-edit
https://storage.googleapis.com/image-transcreation/part2/stories/lara_the_yellow_ladybird.jpg,"Lara the Yellow Ladybird",https://storage.googleapis.com/image-transcreation/outputs/part2/cap-edit/nigeria/stories_lara_the_yellow_ladybird.png,https://storage.googleapis.com/image-transcreation/outputs/part2/cap-retrieve/nigeria/stories_lara_the_yellow_ladybird.jpg,https://storage.googleapis.com/image-transcreation/outputs/part2/e2e-instruct/nigeria/stories_lara_the_yellow_ladybird.jpg,cap-edit,cap-retrieve,e2e-instruct
https://storage.googleapis.com/image-transcreation/part2/stories/friends.jpg,"I have four friends.",https://storage.googleapis.com/image-transcreation/outputs/part2/cap-retrieve/nigeria/stories_friends.jpg,https://storage.googleapis.com/image-transcreation/outputs/part2/e2e-instruct/nigeria/stories_friends.jpg,https://storage.googleapis.com/image-transcreation/outputs/part2/cap-edit/nigeria/stories_friends.png,cap-retrieve,e2e-instruct,cap-edit
